Nejčastější dotazy,Prokliky,Zobrazení,CTR,Pozice
lovelygirls,5394,6152,87.68%,1.2
prague escort,624,7094,8.8%,10.06
lovelygirls praha,491,536,91.6%,1.1
lovelygirls cz,429,483,88.82%,1
lovelygirls.cz,361,408,88.48%,1
lovely girls sex,284,329,86.32%,1.74
lovely girls.cz,278,306,90.85%,1
escort prague,254,2554,9.95%,14.98
lovelygirls prague,252,301,83.72%,1
lovelygirls privat,194,218,88.99%,1
prague escorts,120,1010,11.88%,14.86
lovely girls escort,118,143,82.52%,1.1
lovely girls sex privat,111,112,99.11%,1
luna lovely girls,110,157,70.06%,1.41
lovely girls luna,93,113,82.3%,1.28
luna – lovely girls,88,128,68.75%,2.07
lovely girls praha sex,86,157,54.78%,1
erotický privát lovely girls,78,87,89.66%,1.1
praha escort,75,655,11.45%,10.13
lovely escort,73,124,58.87%,3.87
lovely girls privat praha,62,70,88.57%,1.73
escort praha,58,637,9.11%,11.27
prag escort,58,548,10.58%,9.58
luxury escort prague,53,345,15.36%,8.19
escort girl prague,52,411,12.65%,11.21
lovely girls sex praha,50,57,87.72%,1.07
luna lovelygirls,48,89,53.93%,1.35
lovely girls prague escort,46,65,70.77%,1.08
luxusni spolecnice,44,126,34.92%,8.72
lovely girls cz,42,50,84%,1.94
www.lovelygirls.cz,40,49,81.63%,1
vip escort,36,334,10.78%,4.46
lovely escorr,34,51,66.67%,1
luxusní společnice,33,223,14.8%,8.88
escort girls prague,31,319,9.72%,10.97
lovelygirls.c,31,46,67.39%,1
lovelygirls luna,31,46,67.39%,1.26
prague escort girls,30,233,12.88%,9.56
prague escort agency,30,123,24.39%,11.89
spolecnice praha,28,237,11.81%,15.11
vip escort praha,28,148,18.92%,7.25
lovelygirls sex,26,38,68.42%,2.82
prag eskort,20,171,11.7%,8.93
escort agency prague,20,72,27.78%,10.6
www.lovely girls,20,21,95.24%,1
luxusni spolecnice praha,18,135,13.33%,8.99
luxusní společnice praha,18,105,17.14%,8.53
lovelygirls.ct,18,31,58.06%,1
luxusni escort praha,17,120,14.17%,12.33
prague luxury escort,17,83,20.48%,8.04
prague escort price,16,60,26.67%,3.42
escort girls in prague,15,134,11.19%,10.59
escort girls,14,217,6.45%,10.68
společnice praha,14,188,7.45%,16.65
escort girls praha,14,126,11.11%,9.74
prague escort prices,14,46,30.43%,3.22
lovely girls prague sex,14,18,77.78%,1
lovely girl sex,14,16,87.5%,2.19
luxury escort,13,282,4.61%,15.65
prague escort service,13,86,15.12%,12.49
lovelygirla,13,14,92.86%,1.14
sex lovely girls,13,14,92.86%,1.21
escorts prague,12,74,16.22%,24.58
escort prag,11,95,11.58%,14.03
call girl prague,11,63,17.46%,8.52
escortgirl prague,11,57,19.3%,6.02
lovelygirl cz,11,19,57.89%,12.26
lovely girls praha escort,11,13,84.62%,1
prauge escort,10,130,7.69%,8.68
prague escort girl,10,81,12.35%,9.09
incall prague,10,77,12.99%,7.21
escort girl,9,172,5.23%,8.37
еротичний масаж прага,9,123,7.32%,11.64
ескорт прага,9,105,8.57%,11.73
escorte prague,9,80,11.25%,10.3
prague sex girls,9,73,12.33%,8.22
נערות ליווי פראג,9,61,14.75%,10.43
girls for sex in prague,9,48,18.75%,8.9
vipescort,8,116,6.9%,2.27
luxusni escort,8,106,7.55%,8.04
czech escort,8,66,12.12%,12.85
escort girl praha,8,57,14.04%,11.39
luxusní escort,8,52,15.38%,7.46
escorte praha,8,50,16%,11.08
lovelygirls recenze,8,29,27.59%,2.03
luxusni společnice,8,26,30.77%,9.65
outcall escorts prague,8,22,36.36%,8.91
lovegirls,8,11,72.73%,1.45
escort praga,7,129,5.43%,11.19
praga escort,7,88,7.95%,9.15
escorte praga,7,77,9.09%,11.36
escort in prague,7,58,12.07%,16.78
praque escort,7,48,14.58%,10.25
escort girl in prague,7,33,21.21%,10.79
prague escort privat,7,31,22.58%,7.55
lolitas privat prague,7,18,38.89%,6.06
nonstop escort praha,7,17,41.18%,14.47
734332131,7,14,50%,5.14
lovelygirls. cz,7,8,87.5%,1
foot fetish praha,6,93,6.45%,13.7
vip escort prague,6,93,6.45%,18.24
privat escort prague,6,77,7.79%,8.91
emily lovelygirls,6,72,8.33%,1.39
prague eacort,6,62,9.68%,9.74
bdsm escort,6,61,9.84%,7.46
escort girls prag,6,51,11.76%,10.82
deepthroat praha,6,47,12.77%,9
luxury prague escort,6,37,16.22%,8
escort prauge,6,37,16.22%,14.97
escort outcall prague,6,31,19.35%,9.61
outcall prague,6,20,30%,6.05
lovelygirls.com,6,19,31.58%,2
prague escort agencies,6,15,40%,13.07
prague privat sex,6,15,40%,13.93
lovely girls – anett,6,7,85.71%,1.86
footfetish praha,5,106,4.72%,15.08
luxury escort praha,5,58,8.62%,7.16
escort prague outcall,5,57,8.77%,30.02
milf praha,5,53,9.43%,6.55
prague incall,5,53,9.43%,7.96
luxusni eskort praha,5,50,10%,9.12
vip eskort praha,5,37,13.51%,8.51
prague escort telegram,5,28,17.86%,13.29
prague independent escorts,5,27,18.52%,14.37
prague sex girl,5,26,19.23%,8.27
praha escort girl,5,24,20.83%,8.33
cheap escorts prague,5,24,20.83%,17.54
простітутки прага,5,23,21.74%,14.57
escort nonstop,5,21,23.81%,6.1
escort 24/7,5,15,33.33%,3.8
prague escort.,5,13,38.46%,10.08
escort non stop,5,10,50%,4.4
prague outcall escorts,5,10,50%,6.1
eskort prag,4,70,5.71%,9.54
escort service prague,4,58,6.9%,12.74
pansky anal praha,4,47,8.51%,15.13
נערות ליווי בפראג,4,46,8.7%,9.33
privat escort praha,4,42,9.52%,6.43
incall escort prague,4,42,9.52%,9.69
praha společnice,4,40,10%,11.6
prage escort,4,39,10.26%,9
outcall escort prague,4,35,11.43%,17.71
how much is a prostitute in prague,4,34,11.76%,5.82
private escort prague,4,34,11.76%,10.88
gfe prague,4,31,12.9%,7.9
prague brothel prices,4,31,12.9%,8
sex girls in prague,4,30,13.33%,8.13
blowjob prague,4,28,14.29%,9.43
luxury escorts prague,4,28,14.29%,9.57
incall praha,4,26,15.38%,6.23
eskort prague,4,26,15.38%,13.77
prague gfe,4,25,16%,7.2
prague private escort,4,23,17.39%,8.78
luxusní eskort,4,23,17.39%,9.52
escort girl praga,4,21,19.05%,9.29
nonstop escort,4,19,21.05%,4.58
escort prage,4,18,22.22%,11.11
student escort prague,4,17,23.53%,11.76
sex girls prague,4,17,23.53%,12.47
lovelygirls emily,4,16,25%,1
eskort praga,4,14,28.57%,9.21
escort girls praga,4,13,30.77%,10.23
проституткі прага,4,11,36.36%,13.45
duo escort,4,10,40%,2.2
prague companions,4,10,40%,4.4
lovely girls xxx,4,4,100%,1
privat lovely girls cz,4,4,100%,1
luxusni eskort,3,60,5%,9.27
studentky escort,3,43,6.98%,10.35
escort studentky,3,42,7.14%,9.45
girls for sex prague,3,42,7.14%,9.62
luxusní escort praha,3,40,7.5%,8.97
call girls prague,3,40,7.5%,9.62
prague escort incall,3,37,8.11%,7.68
escortprague,3,37,8.11%,10.97
blowjob in prague,3,31,9.68%,10.77
prague outcall escort,3,31,9.68%,18.74
milf escort praha,3,27,11.11%,8.19
escort cz,3,26,11.54%,8.62
prague outcall,3,26,11.54%,8.81
praha escort girls,3,26,11.54%,9.27
prague eskort,3,26,11.54%,11.46
prague call girl,3,23,13.04%,10.96
praha escorts,3,23,13.04%,11.65
cz escort,3,23,13.04%,19.13
escort services in prague,3,21,14.29%,12.38
prag escort girls,3,21,14.29%,12.38
escorts in prague,3,19,15.79%,38.58
escort pragua,3,18,16.67%,9.11
prague escort services,3,18,16.67%,14
escort orague,3,17,17.65%,14.18
escort prague agency,3,14,21.43%,10.07
luxury girls escort,3,13,23.08%,1.77
мілфи прага,3,12,25%,3.67
prag escort girl,3,12,25%,11.58
best escort prague,3,12,25%,19.25
escort prague telegram,3,11,27.27%,14.09
ukrainian escort prague,3,10,30%,10.6
prag escort service,3,10,30%,13.1
escort agencies prague,3,10,30%,14.3
prague escort review,3,9,33.33%,9.44
emily lovely girls,3,8,37.5%,2.5
prague cheap escorts,3,8,37.5%,13.12
luxus escort,3,7,42.86%,3
escort studentka,3,7,42.86%,7.14
escort now,3,6,50%,8.5
privát attractive girls,3,5,60%,1.2
lovelygirl sex,3,5,60%,6
rimming praha,2,112,1.79%,11.84
escort vip,2,99,2.02%,20.99
facesitting praha,2,91,2.2%,12.2
foot fetish prague,2,65,3.08%,48.42
společnice na dovolenou,2,44,4.55%,8.59
prague incall escort,2,42,4.76%,8.38
escort trojka,2,35,5.71%,8.8
escort incall prague,2,33,6.06%,7.52
lovelygirl,2,29,6.9%,52.21
exclusive escort prague,2,28,7.14%,9.29
escorts cz,2,26,7.69%,9.77
privat spolecnice,2,25,8%,8.24
prague blowjob,2,24,8.33%,6.88
devki praha,2,24,8.33%,8.21
sex girl prague,2,23,8.7%,9.48
společnice,2,23,8.7%,28.13
studentky na sex praha,2,21,9.52%,12.52
escort 69,2,20,10%,7.05
praha eskort,2,20,10%,8.65
escort service in prague,2,20,10%,11.4
gfe escort,2,18,11.11%,4.22
private girls prague,2,18,11.11%,6.67
bdsm escort prague,2,18,11.11%,7.11
milf escort,2,17,11.76%,4.88
prague sex escort,2,17,11.76%,11.18
czech escort price,2,16,12.5%,4.12
studentky sex praha,2,15,13.33%,13.47
prague escort outcall,2,14,14.29%,5.86
cheap escort prague,2,13,15.38%,13.23
luxusní eskort praha,2,12,16.67%,6.42
girl escort prague,2,12,16.67%,10.5
privat praha escort,2,11,18.18%,7.55
private escort praha,2,11,18.18%,7.73
call girl prag,2,11,18.18%,7.82
prague escourt,2,11,18.18%,8.27
escort anal prague,2,11,18.18%,8.91
проститутки прага,2,11,18.18%,11.09
prague escorte,2,11,18.18%,14.36
outcall escort,2,11,18.18%,17.36
prague vip escort,2,11,18.18%,24.27
high end escort prague,2,10,20%,9.8
sex escort prague,2,10,20%,11.3
pragie escort,2,10,20%,11.9
prague girls sex,2,10,20%,12.4
praag escort,2,10,20%,13.6
high end escorts prague,2,9,22.22%,10.78
escort ladies prague,2,9,22.22%,11.44
escort .cz,2,9,22.22%,13.67
roleplay escort,2,8,25%,2.5
luxury eskort,2,8,25%,6.75
premium escort prague,2,8,25%,9
threesome prague,2,8,25%,9.62
escort praha nonstop,2,8,25%,12.12
foot fetish escort,2,8,25%,13.5
escorts prag,2,8,25%,15.38
student escort,2,8,25%,18.25
ескорт дівчата,2,7,28.57%,7
duo escort prague,2,7,28.57%,7.14
sex girl praha,2,7,28.57%,12.14
escort sex prague,2,7,28.57%,21.71
escort prague verified,2,6,33.33%,5
escort deepthroat,2,6,33.33%,5.83
ladies escort,2,6,33.33%,7
holky escort,2,6,33.33%,16.5
luxury escort girl,2,5,40%,2
escort luxus,2,5,40%,4
hotel escort,2,5,40%,7
callgirls prague,2,5,40%,11.6
eacort praha,2,5,40%,13.2
escort service prag,2,5,40%,18.4
інтим послуги прага,2,4,50%,17.5
escort prahue,2,4,50%,23.25
lovelygirls outcall and incall,2,3,66.67%,2
threesome escort,2,3,66.67%,2
escort prague price,2,3,66.67%,2.67
24/7 escort,2,3,66.67%,7.33
escort companions,2,2,100%,1.5
roleplay escorts,2,2,100%,2
czech student escort,2,2,100%,5
escort girl czech,2,2,100%,15
teen escort praha,2,2,100%,20.5
секс прага,2,2,100%,32.5
escortgirls,1,59,1.69%,7.46
lovely girls,1,57,1.75%,61.93
escirt girls prag,1,44,2.27%,7.07
escort prague incall,1,41,2.44%,8.59
girl escort,1,39,2.56%,7.92
elite escort prague,1,39,2.56%,41.87
escort prg,1,35,2.86%,8.03
girls escort,1,34,2.94%,8.18
anal escort prague,1,32,3.12%,10
praha spolecnice,1,31,3.23%,10.68
eacort prague,1,29,3.45%,10.48
hluboký orál praha,1,28,3.57%,17.86
prague escort reviews,1,26,3.85%,8.96
prague call girls,1,26,3.85%,9.54
rscort prague,1,25,4%,7.16
escortgirls prague,1,25,4%,7.24
call girls,1,25,4%,8.4
escort prague 2,1,25,4%,8.88
prague escort site,1,24,4.17%,6.46
pragueescort,1,24,4.17%,8.58
escorts praha,1,23,4.35%,18.3
prague luxury escorts,1,21,4.76%,10.95
escort privat prague,1,20,5%,7.85
escort girl prag,1,19,5.26%,7.63
prague incall escorts,1,19,5.26%,8.95
escort girls cz,1,18,5.56%,8.61
praga escorts,1,18,5.56%,12.44
prague escort sites,1,17,5.88%,8.24
real escort prague,1,17,5.88%,8.29
eskort 69,1,17,5.88%,9.65
єскорт прага,1,16,6.25%,8.88
прага эскорт,1,15,6.67%,11.47
escort bdsm,1,14,7.14%,8.36
pragua escort,1,14,7.14%,10
prague eacorts,1,14,7.14%,11.5
lovelygirl sito ufficiale,1,14,7.14%,36.43
eskort girl,1,13,7.69%,7.54
eskort praha,1,13,7.69%,8.46
girl for sex in prague,1,13,7.69%,9.08
prsgue escort,1,12,8.33%,8.5
prague escprt,1,12,8.33%,9.08
prague escoet,1,12,8.33%,9.17
escorts praga,1,12,8.33%,10.42
gfe praha,1,12,8.33%,10.5
hluboky oral praha,1,12,8.33%,16.75
sex trojka praha,1,12,8.33%,19.17
praha 2 escort,1,11,9.09%,8.18
prague escort cz,1,11,9.09%,8.45
prague escord,1,11,9.09%,8.55
pruge escort,1,11,9.09%,8.64
blowjob massage prague,1,11,9.09%,12.27
prague escorta,1,11,9.09%,14.55
prague girls for sex,1,10,10%,7.6
prague esxort,1,10,10%,8.3
eskort girls,1,10,10%,8.7
call girl praha,1,10,10%,15.7
escort,1,10,10%,26
erotic massage escort,1,10,10%,51.9
eroguide prag,1,9,11.11%,8.78
asiatky escort,1,9,11.11%,9.22
girls escort prague,1,9,11.11%,10.44
escort near me,1,9,11.11%,11.44
escort girl cz,1,9,11.11%,12.89
escort prague vip,1,9,11.11%,23.22
luxuryescort,1,9,11.11%,31.78
lesbian escort,1,8,12.5%,3.12
lovelyandragirl,1,8,12.5%,5
pansky escort,1,8,12.5%,6
call girls prag,1,8,12.5%,8.25
prague escort cheap,1,8,12.5%,10.12
еро масаж прага,1,8,12.5%,14.75
prague bdsm escort,1,7,14.29%,5.71
escrot prague,1,7,14.29%,7.14
adult escort,1,7,14.29%,8.57
escort pragha,1,7,14.29%,8.71
creampie escort prague,1,7,14.29%,9
escort prague cheap,1,7,14.29%,10.29
escort girl pragues,1,7,14.29%,11.14
independent escorts prague,1,7,14.29%,13
sex praha nonstop,1,7,14.29%,23.29
spolecnice,1,7,14.29%,26.43
sex lovely,1,6,16.67%,2.83
travel escort,1,6,16.67%,3.17
luxury girl escort,1,6,16.67%,4
facesitting prague,1,6,16.67%,7.17
lady escort,1,6,16.67%,7.67
real prague escort,1,6,16.67%,8.17
prauge escorts,1,6,16.67%,9.17
escort prague girls,1,6,16.67%,10.5
escoet prague,1,6,16.67%,10.83
дешеві проститутки прага,1,6,16.67%,10.83
escort prague.,1,6,16.67%,11.17
privat girl,1,6,16.67%,11.67
escort pragues,1,6,16.67%,12
holky na escort,1,6,16.67%,17.67
luxury escort agency,1,5,20%,3.2
escort milf,1,5,20%,6.6
escort agency,1,5,20%,7
escort prha,1,5,20%,7.2
loveiyglrls,1,5,20%,7.8
milf prague,1,5,20%,8
escort agencies in prague,1,5,20%,9.8
callgirls near me,1,5,20%,10
курви прага,1,5,20%,10
escort agency praha,1,5,20%,10.4
escort outcall,1,5,20%,10.6
escort pruge,1,5,20%,11
escort pragie,1,5,20%,11.8
шлюхи прага заказати,1,5,20%,14
escort prgue,1,5,20%,17.6
vip escorts prague,1,5,20%,36.2
escort elizabeth,1,4,25%,2
threesome escorts,1,4,25%,4
escort luxury,1,4,25%,4.25
blowjob prag,1,4,25%,5.25
проститутки прага 10,1,4,25%,6.5
ukrainian escort,1,4,25%,7.5
callgirl prag,1,4,25%,8.5
hairy escort prague,1,4,25%,8.5
callgirl,1,4,25%,8.75
prague anal escort,1,4,25%,8.75
best escort,1,4,25%,9
luna sex praha,1,4,25%,9.75
praga eskort,1,4,25%,10.5
prague escorts.,1,4,25%,10.5
private girls,1,4,25%,10.5
czech escort girls,1,4,25%,13
ескорт прага телеграм,1,4,25%,15.25
pragueescorts,1,4,25%,21
high class escort prague,1,4,25%,29.75
повії прага,1,4,25%,38
lovelygirly,1,3,33.33%,1.67
escort gf,1,3,33.33%,2.33
rimming pasive,1,3,33.33%,2.33
girlescort,1,3,33.33%,2.67
livelygirls,1,3,33.33%,2.67
luxury eacort,1,3,33.33%,3
luna escort,1,3,33.33%,4.67
pissing escort,1,3,33.33%,6
prague sex escorts,1,3,33.33%,6
escord prague,1,3,33.33%,6.33
luna lovely escort,1,3,33.33%,6.33
prague milf escort,1,3,33.33%,6.33
escort oral,1,3,33.33%,7.33
escort prague luxury,1,3,33.33%,7.33
prag escord,1,3,33.33%,7.33
escort site prague,1,3,33.33%,8
escourt prague,1,3,33.33%,11
escort pargue,1,3,33.33%,13.33
trojka sex praha,1,3,33.33%,13.33
escorts.cz,1,3,33.33%,14.67
erotikmassage prag,1,3,33.33%,62.33
lovelygerl,1,2,50%,1
escort gfe,1,2,50%,2.5
escort luna,1,2,50%,2.5
duo eacort,1,2,50%,3
luxury escort girls,1,2,50%,3
nika lovely,1,2,50%,3
vip models escort,1,2,50%,3
escort girlfriend experience,1,2,50%,4
footfetish escort,1,2,50%,4
bdsm services,1,2,50%,5
escort girlfriend,1,2,50%,6
kaliteli escort,1,2,50%,6
emily escort,1,2,50%,7
escort prahs,1,2,50%,8
escorty praha,1,2,50%,8
luxury escort near me,1,2,50%,8.5
near call girl house near me,1,2,50%,9
escort giril,1,2,50%,12
prague girl escort,1,2,50%,12
lovely girls club,1,2,50%,12.5
cheap escorts in prague,1,2,50%,15.5
praha sex recenze,1,2,50%,16
praque escorts,1,2,50%,17.5
czech escort site,1,2,50%,19
callgirls,1,2,50%,20
sex escort praha,1,2,50%,23
mfm escort,1,2,50%,23.5
prague private sex,1,2,50%,24
holky na anal praha,1,2,50%,27.5
cheap sex prague,1,2,50%,42.5
ceskeholky.cz,1,2,50%,44
bondage escort,1,1,100%,1
email,1,1,100%,1
emily lovely,1,1,100%,1
escort companion,1,1,100%,1
lovely sex girl,1,1,100%,1
luxury call girl,1,1,100%,1
luxury escort models,1,1,100%,1
stockings escort,1,1,100%,1
what's website,1,1,100%,1
foot escort,1,1,100%,2
love girl sex,1,1,100%,2
lovely girls escort prague,1,1,100%,2
romantic escort,1,1,100%,2
blowjob girl near me,1,1,100%,3
can you tell me?,1,1,100%,3
duo girls escort,1,1,100%,3
online booking girls,1,1,100%,3
escort travel,1,1,100%,4
find prices,1,1,100%,4
in euro,1,1,100%,4
out call girls,1,1,100%,4
brothels,1,1,100%,5
milf eskort,1,1,100%,5
milfs escort,1,1,100%,5
prague escort models,1,1,100%,5
rimming passiv,1,1,100%,5
vip eacort,1,1,100%,5
інтим послуги,1,1,100%,5
escort foot fetish,1,1,100%,6
ескорт послуги,1,1,100%,6
best site,1,1,100%,7
call girl private,1,1,100%,7
how much?,1,1,100%,7
models escort,1,1,100%,7
cz privat,1,1,100%,8
escourts girls,1,1,100%,8
best escorts,1,1,100%,9
escort in orague,1,1,100%,10
escort websites prague,1,1,100%,10
vipstudentki,1,1,100%,10
lovely girls prague,1,1,100%,14
outcall ladies,1,1,100%,16
escort prague now,1,1,100%,17
eskort praha recenze,1,1,100%,17
escort przgue,1,1,100%,20
escort services,1,1,100%,21
escort praha recenze,1,1,100%,26
squirt privat praha,1,1,100%,26
cezch escort,1,1,100%,29
esxort praha,1,1,100%,29
anal sex prague,1,1,100%,30
natursekt passiv,1,1,100%,54
escort divky,1,1,100%,60
escort massage,1,1,100%,61
vip girl escort,1,1,100%,63
екскорт прага,1,1,100%,66
enjoygirls,0,133,0%,51.77
luxury escorts,0,115,0%,33.73
upscale escorts,0,63,0%,52.54
praha foot fetish,0,62,0%,37.89
escortgirl,0,58,0%,5.28
high end escorts,0,51,0%,30.16
prg escort,0,50,0%,7.78
vipescort prague,0,46,0%,5.76
eurogirls prague,0,44,0%,8.11
prague privat escort,0,39,0%,7.95
bdsm společnice,0,38,0%,12.42
feet fetish prague,0,37,0%,47.14
premium escort,0,35,0%,13.17
prague foot fetish,0,34,0%,53.59
slut rent in prague,0,33,0%,6
spolecnice praha 2,0,32,0%,8.59
piss escort,0,32,0%,9.81
lovely isa escort,0,29,0%,8.31
prague elite escort,0,29,0%,42.62
high class escort prag,0,29,0%,43.21
prague girls escort,0,28,0%,9.29
lehke bdsm,0,28,0%,9.5
rimming passive,0,27,0%,2.7
privat sex prague,0,25,0%,8.2
private escort,0,22,0%,8.18
prague escor,0,22,0%,9.41
luxory escort,0,21,0%,5.1
highclass escort prag,0,21,0%,52.67
klasický sex,0,20,0%,8.4
gfe experience,0,20,0%,12.7
piss praha,0,20,0%,13.25
escort prague 3,0,19,0%,9.16
call girls in prague,0,19,0%,9.53
masaz s happy endem,0,19,0%,63.26
prague escorr,0,18,0%,8.28
spolecnice na dovolenou,0,18,0%,8.67
beautiful girls erotic massage prague,0,18,0%,38.61
incall praha 3,0,17,0%,5.59
anal escort,0,17,0%,10.12
vip společnice,0,17,0%,11.59
praggirls,0,17,0%,27.12
oral sex prague,0,17,0%,47.71
erotic massage girls,0,17,0%,52.12
escort prah,0,15,0%,9.6
incall,0,14,0%,7
společnince praha,0,14,0%,15.64
escort incall,0,13,0%,7.92
incall escort,0,13,0%,8.92
outcall,0,13,0%,9
female escort prague,0,13,0%,11.46
foot fetiš praha,0,13,0%,12.85
нскорт прага,0,13,0%,14.15
foot worship prague,0,13,0%,33.77
escort praha 3,0,12,0%,7.17
praha escorte,0,12,0%,9
orague escort,0,12,0%,10.08
spolocnicky praha,0,12,0%,12
prague sex privat,0,12,0%,12.17
lehké bdsm,0,12,0%,15.58
эскорт прага,0,12,0%,15.58
sex piss praha,0,12,0%,18.42
prag girls,0,12,0%,72.67
euro girls privat,0,11,0%,7.36
female escort,0,11,0%,7.36
escort praag,0,11,0%,10.91
escort prague cz,0,11,0%,10.91
spolecnice v praze,0,11,0%,18.91
anal escort praha,0,11,0%,19.18
prague girls,0,11,0%,51.55
escort privat praha,0,10,0%,7.7
prague escirt,0,10,0%,8.7
escort prague 8,0,10,0%,9.9
prague escort website,0,10,0%,13.7
bdsm massage prague,0,10,0%,15.9
erotic escort massage,0,10,0%,37.2
call girl,0,9,0%,6.67
lovelygirls1,0,9,0%,7.89
pragues escort,0,9,0%,8.33
pragu escort,0,9,0%,10.22
escort reviews prague,0,9,0%,10.33
escort praque,0,9,0%,15.11
scort prague,0,9,0%,18.44
devky praha,0,9,0%,28
prag escort dobry,0,8,0%,7.12
prague escot,0,8,0%,7.25
escort girl prauge,0,8,0%,9
praha privat escort,0,8,0%,9.38
escort pragu,0,8,0%,10.38
escort services prague,0,8,0%,11.88
blowjob praha,0,8,0%,14.62
spolecnice escort,0,8,0%,15.12
prague excort,0,8,0%,17
footjob prague,0,8,0%,24.38
lovelyprive,0,8,0%,29.75
erotische massagen prag,0,8,0%,39.38
praguegirlsescort,0,7,0%,3
gfe service,0,7,0%,4
milf v praze,0,7,0%,6.43
prague escory,0,7,0%,6.71
escort service gfe in prague,0,7,0%,7
eskorti 69,0,7,0%,7
incall praha 2,0,7,0%,7
real escort girls,0,7,0%,7.14
luxury escort in prague,0,7,0%,8.14
vip escort girls,0,7,0%,8.57
escort praha 2,0,7,0%,9.14
escort sites prague,0,7,0%,9.57
esxort prague,0,7,0%,9.57
prague gfe escorts,0,7,0%,10.14
lovelygirleva,0,7,0%,10.57
peague escort,0,7,0%,10.71
prahue escort,0,7,0%,10.71
bdsm eskort praha,0,7,0%,11.43
escort feet fetish,0,7,0%,13.29
spolecnicepraha,0,7,0%,16.43
sex praha,0,7,0%,19.29
vip escort masáže,0,7,0%,23
prostate massage prague,0,7,0%,47
prague prostate massage,0,7,0%,48.43
loveiygirls,0,6,0%,3.17
girls provides gfe,0,6,0%,3.67
sex privat praha 2,0,6,0%,4.17
praha 3 escort,0,6,0%,5.33
vipgerlspraha,0,6,0%,6.33
lovely sex,0,6,0%,7
eurogirl prague,0,6,0%,7.33
sex privat prague,0,6,0%,8
eskorty prague,0,6,0%,8.17
call girl in prague,0,6,0%,8.67
дівчата для сексу прага,0,6,0%,8.67
prague wscort,0,6,0%,8.83
prague edcort,0,6,0%,9.17
scort praga,0,6,0%,9.17
escort review prague,0,6,0%,9.33
prague cheap escort,0,6,0%,10.33
hotel escort prague,0,6,0%,10.67
call girls near me,0,6,0%,11
escort service praha,0,6,0%,12.33
spolecnice cz,0,6,0%,12.67
erotické společnice,0,6,0%,13
бдсм эскорт,0,6,0%,14.33
prague bdsm massage,0,6,0%,15.5
69 eskort,0,6,0%,16.5
escort.cz,0,6,0%,16.67
escort in praha,0,6,0%,17.5
praha devky,0,6,0%,17.67
anální sex praha,0,6,0%,29.5
luxury girls erotic massage,0,6,0%,33.33
girls prague,0,6,0%,48.33
escort erotic massage,0,6,0%,53.67
2. luxury escort,0,6,0%,92
hooker prag,0,5,0%,3
escort duo,0,5,0%,4
travel escort prague,0,5,0%,5.2
praha 2 sex,0,5,0%,5.6
zralé ženy eskort,0,5,0%,5.8
eurogirls praha,0,5,0%,6.4
incall escorts prague,0,5,0%,6.8
eurogirlescort prague,0,5,0%,7.2
facesitting escort,0,5,0%,7.2
sex praha 5,0,5,0%,7.4
outcall girl,0,5,0%,7.6
prague female escorts,0,5,0%,8.2
prague escort anal,0,5,0%,8.4
prague scorts,0,5,0%,8.4
cheapest escort,0,5,0%,8.6
escort hotel,0,5,0%,8.8
privat eacort,0,5,0%,9
excort praha,0,5,0%,9.4
praga scorts,0,5,0%,9.4
prague escorts reviews,0,5,0%,9.4
prague ewcort,0,5,0%,9.8
prague scort,0,5,0%,9.8
escort piss,0,5,0%,10
escort women,0,5,0%,10
escort pragur,0,5,0%,10.6
ewcort prague,0,5,0%,10.8
escort prsgue,0,5,0%,11.4
escort.prague,0,5,0%,11.8
private sex prague,0,5,0%,12.2
шлюхи прага,0,5,0%,13.8
luxusní společnice a eskort praha,0,5,0%,14.6
bdsm eskort,0,5,0%,15.4
privat holky praha,0,5,0%,16
escort in prauge,0,5,0%,19.6
eskort.cz,0,5,0%,23.2
analni sex praha,0,5,0%,26.8
high class escort praag,0,5,0%,33.8
prague escort massage,0,5,0%,37.6
independent escort prague,0,5,0%,43.2
erotic massage girl,0,5,0%,46.6
escort massage erotic,0,5,0%,48
escort and erotic massage,0,5,0%,50
erotic service prague,0,5,0%,54.2
masaj erotic praga,0,5,0%,55
erotic prostate massage prague,0,5,0%,57.6
intimate escort,0,4,0%,2.5
rimming active,0,4,0%,2.75
begleitung escort,0,4,0%,3
passive rimming,0,4,0%,3
sex without condom prague,0,4,0%,3
gluna escort,0,4,0%,4
how much is escort,0,4,0%,4.25
prague escort prices 2025 or 2026,0,4,0%,4.25
real escort girl,0,4,0%,5.75
escort lady,0,4,0%,6
sex praha 2,0,4,0%,6.25
gfe milenka,0,4,0%,6.75
outcall escorts in prague,0,4,0%,6.75
prag escorts,0,4,0%,6.75
call girl near me,0,4,0%,7.5
callgirl prague,0,4,0%,8.5
euro girls prague,0,4,0%,8.5
prague escorts incall,0,4,0%,8.5
bdsm escort praha,0,4,0%,8.75
escort prague anal,0,4,0%,8.75
escorte girl prague,0,4,0%,8.75
inlovelyy,0,4,0%,8.75
sex privat praha,0,4,0%,8.75
prague escorts telegram,0,4,0%,9.25
prague escoets,0,4,0%,9.5
prague escort sex,0,4,0%,10.5
escirt prague,0,4,0%,10.75
praha eacort,0,4,0%,10.75
sexy spolecnice,0,4,0%,11
escort prague review,0,4,0%,11.25
asiatky escort praha,0,4,0%,11.75
profesionalni spolecnice,0,4,0%,11.75
escorr prague,0,4,0%,12.25
escort 69 cz,0,4,0%,13
praha footfetish,0,4,0%,13
spolecnice sex praha,0,4,0%,16.5
devky cz,0,4,0%,17.5
spolecnice praha 6,0,4,0%,19.25
prague red light district cost,0,4,0%,19.75
escort lrague,0,4,0%,22.25
ליווי פראג,0,4,0%,26.75
footjob in prague,0,4,0%,45.25
high class escort,0,4,0%,55
girls in prague,0,4,0%,63.75
prague ladies,0,4,0%,66.5
lovelygirl010193,0,3,0%,2.67
escortgurl,0,3,0%,3
girls incall,0,3,0%,3
escorts price,0,3,0%,3.33
lucury escort,0,3,0%,3.33
vip.escort,0,3,0%,3.67
escort student,0,3,0%,4
escortgurls,0,3,0%,4
luxury escor,0,3,0%,4
real escort,0,3,0%,4
rimming escort,0,3,0%,4
prague escort creampie,0,3,0%,4.33
how much does sex cost in prague,0,3,0%,4.67
luxery escort,0,3,0%,5
6girlstr,0,3,0%,6
escort services vip,0,3,0%,6
women escort,0,3,0%,6.33
praha sex escort,0,3,0%,6.67
noalovelyi,0,3,0%,7
praha sex privat,0,3,0%,7
prague teen escort,0,3,0%,7.33
scort praha,0,3,0%,7.33
секс послуги,0,3,0%,7.33
praha,0,3,0%,7.67
price of prostitute,0,3,0%,7.67
privat praha sex,0,3,0%,7.67
escort divky praha,0,3,0%,8
escortes prague,0,3,0%,8
gfe prostitute,0,3,0%,8
privat sex praha,0,3,0%,8
ескорд послуги,0,3,0%,8
ескорт масаж,0,3,0%,8
adult escort prague,0,3,0%,8.33
best escort website prague,0,3,0%,8.33
escort private,0,3,0%,8.33
exclusive escort,0,3,0%,8.33
oral escort,0,3,0%,8.33
ceske holky escort,0,3,0%,8.67
female escorts,0,3,0%,8.67
rscort praha,0,3,0%,8.67
edcort prague,0,3,0%,9
escort girls near me,0,3,0%,9
privat prague sex,0,3,0%,9
eurogirls escort prague,0,3,0%,9.33
parague escorts,0,3,0%,9.33
prgue escort,0,3,0%,9.33
prague escortd,0,3,0%,9.67
highclass escort,0,3,0%,10
escort pragye,0,3,0%,10.33
escort woman,0,3,0%,10.33
простітуткі прага,0,3,0%,10.33
verified escorts prague,0,3,0%,12
prag blowjob,0,3,0%,13.33
dobry privat praha,0,3,0%,15
escort czech,0,3,0%,15.33
escort v praze,0,3,0%,16
escort duo prague,0,3,0%,17.67
sex prague escort,0,3,0%,18.33
escort prqgue,0,3,0%,18.67
callgirls prag,0,3,0%,20.33
order escort prague,0,3,0%,21
escort peague,0,3,0%,22.33
lovelygirlsofiee,0,3,0%,24.33
masáž s happy endem,0,3,0%,25.33
prague vip escorts,0,3,0%,26
escort vip prague,0,3,0%,29
outcall escorts,0,3,0%,30.67
massage escort prague,0,3,0%,39.67
prague escort vip,0,3,0%,43
prostate massage in prague,0,3,0%,49.33
erotic massage for girl,0,3,0%,50
girl prague,0,3,0%,56.33
masaje erotico praga,0,3,0%,59.67
love girls,0,3,0%,71.33
lovelyddsgirl,0,2,0%,2
vio escort,0,2,0%,2
escort bi,0,2,0%,2.5
studenky escort,0,2,0%,2.5
lovly_evelinangel,0,2,0%,3
ескорт герл,0,2,0%,3
escort girls price,0,2,0%,3.5
how much do they cost,0,2,0%,3.5
how much does it coat,0,2,0%,3.5
luxury prostitutes,0,2,0%,3.5
deepthroat escort,0,2,0%,4
face sitting escort,0,2,0%,4
lixury escort,0,2,0%,4
psepornstarexperience,0,2,0%,4
erotic massage andel,0,2,0%,4.5
hotel escorts,0,2,0%,4.5
bi escort,0,2,0%,5
eroticky privat praha,0,2,0%,5
escort 24h,0,2,0%,5
escort vip girls,0,2,0%,5
girls outcall,0,2,0%,5
incall service near me,0,2,0%,5
privatgirls,0,2,0%,5
devozki prague,0,2,0%,5.5
eacort girls,0,2,0%,5.5
eskort praha 10,0,2,0%,5.5
girlsescort,0,2,0%,5.5
loveligirl,0,2,0%,5.5
sex praha 3,0,2,0%,5.5
які ціни,0,2,0%,5.5
escort feet,0,2,0%,6
escort prague pornstar,0,2,0%,6
lbgirls.com,0,2,0%,6
price,0,2,0%,6
private ecsort,0,2,0%,6
rebecca escort,0,2,0%,6
sex club praha,0,2,0%,6
vip escorts,0,2,0%,6
escorte outcall,0,2,0%,6.5
hooker prague,0,2,0%,6.5
praha sex,0,2,0%,6.5
preise,0,2,0%,6.5
anal service,0,2,0%,7
emo girl escort,0,2,0%,7
escort girl near me,0,2,0%,7
escort incall near me,0,2,0%,7
eurogirlescort.com prague,0,2,0%,7
high end escort,0,2,0%,7
in prague,0,2,0%,7
prague threesome,0,2,0%,7
czech prague escort,0,2,0%,7.5
escort emili,0,2,0%,7.5
escort ladies,0,2,0%,7.5
escourt prag,0,2,0%,7.5
eskort bdsm,0,2,0%,7.5
eurogirl escort prague,0,2,0%,7.5
girls privat,0,2,0%,7.5
how much,0,2,0%,7.5
praga escort girls,0,2,0%,7.5
spolecnice praha 1,0,2,0%,7.5
excorte non stop,0,2,0%,8
gai goi praha,0,2,0%,8
oral sex escort,0,2,0%,8
prague milf,0,2,0%,8
private escorts prague,0,2,0%,8
прага проститутки,0,2,0%,8
eroguide.cz,0,2,0%,8.5
escort ptague,0,2,0%,8.5
german escort praha,0,2,0%,8.5
nika escort,0,2,0%,8.5
real escort praha,0,2,0%,8.5
real escorts,0,2,0%,8.5
spolecnice praha 10,0,2,0%,8.5
best escort site prague,0,2,0%,9
escor praha,0,2,0%,9
escort gorls,0,2,0%,9
escort praha cena,0,2,0%,9
eurogirlsescort prague,0,2,0%,9
excort prague,0,2,0%,9
independent escorts in prague,0,2,0%,9
nutten prague,0,2,0%,9
prague escort websites,0,2,0%,9
ukranian escorts,0,2,0%,9
eroticky privat,0,2,0%,9.5
escorte pragues,0,2,0%,9.5
nice escort girls,0,2,0%,9.5
prague 1 escort,0,2,0%,9.5
privat escort,0,2,0%,9.5
bdsm escorts,0,2,0%,10
ceny,0,2,0%,10
escort pague,0,2,0%,10
lovelygirlsto,0,2,0%,10
milf escort prague,0,2,0%,10
prague rscort,0,2,0%,10
private escort girl,0,2,0%,10
sex in prague privat,0,2,0%,10
прастітутки прага,0,2,0%,10
cheapest prostitute,0,2,0%,11
escort web,0,2,0%,11
privat 69 praha,0,2,0%,11
wscort prague,0,2,0%,11
ecort prague,0,2,0%,12
escort prageu,0,2,0%,12
devky privat,0,2,0%,12.5
eacort prag,0,2,0%,12.5
ecort praha,0,2,0%,12.5
prague escorts review,0,2,0%,12.5
gfe přístup,0,2,0%,13
cz eskort,0,2,0%,14
escort 24 h,0,2,0%,14
top escorts prague,0,2,0%,14
sex for money in prague,0,2,0%,15
spolecnice eskort,0,2,0%,16
anal praha,0,2,0%,16.5
cheap prague escort,0,2,0%,17
peague escorts,0,2,0%,17
sex společnice praha,0,2,0%,17
scorts prague,0,2,0%,17.5
privat escort 69,0,2,0%,18
vip prague escorts,0,2,0%,18
проститутки прага українки,0,2,0%,18
escort spolecnice,0,2,0%,18.5
privat praha holky,0,2,0%,19
classy escort,0,2,0%,19.5
teen escort prague,0,2,0%,19.5
bdsm sluzby,0,2,0%,20.5
esvort prague,0,2,0%,21
spolecnoce praha,0,2,0%,21.5
cheap prague escorts,0,2,0%,22
priváty,0,2,0%,22
spolecnice na vikend,0,2,0%,22
girl for sex prague,0,2,0%,22.5
prague footjob,0,2,0%,22.5
escort agency in prague,0,2,0%,25
privaty praha recenze,0,2,0%,25
sex praha milf,0,2,0%,28
duo escorts prague,0,2,0%,30
lovely private,0,2,0%,32
prostitute prague,0,2,0%,32
female escorts in prague,0,2,0%,37
vip prague escort,0,2,0%,37
lovely privé,0,2,0%,38.5
prague massage escort,0,2,0%,38.5
best escorts in prague,0,2,0%,40
lovely girls privat,0,2,0%,40.5
děvka praha,0,2,0%,41.5
erotic services prague,0,2,0%,41.5
індивідуалки прага,0,2,0%,46.5
escort massage prague,0,2,0%,51.5
sex na jednu noc praha,0,2,0%,52
praha eroticka masaz,0,2,0%,53
milf privat,0,2,0%,57.5
lovely buds sprague,0,2,0%,63.5
lovely prague apartments,0,2,0%,70
praha eroticke masaze,0,2,0%,70
lovely girl,0,2,0%,79