Nejvýznamnější stránky,Prokliky,Zobrazení,CTR,Pozice
https://www.lovelygirls.cz/,7427,42426,17.51%,8.39
https://www.lovelygirls.cz/cs,2476,15912,15.56%,4.89
https://www.lovelygirls.cz/cs/rozvrh,1849,6282,29.43%,2.52
https://www.lovelygirls.cz/cs/schedule,1834,3950,46.43%,2.12
https://www.lovelygirls.cz/schedule,1376,8523,16.14%,3.12
https://www.lovelygirls.cz/pricing,599,6642,9.02%,7.25
https://www.lovelygirls.cz/en,375,1034,36.27%,5.64
https://www.lovelygirls.cz/cs/profil/luna,263,477,55.14%,3.51
https://www.lovelygirls.cz/uk/divky,242,1512,16.01%,9.6
https://www.lovelygirls.cz/cs/profily/luna,169,341,49.56%,2.4
https://www.lovelygirls.cz/cs/recenze,153,1858,8.23%,5.76
https://www.lovelygirls.cz/en/sluzby/outcall,133,708,18.79%,6.26
https://www.lovelygirls.cz/cs/sluzby/vip-escort,127,1134,11.2%,12.05
https://www.lovelygirls.cz/main,120,204,58.82%,2.55
https://www.lovelygirls.cz/uk/hashtag/ukrajinske-holky,101,370,27.3%,5.76
https://www.lovelygirls.cz/uk/sluzby,83,621,13.37%,14.15
https://www.lovelygirls.cz/cs/cenik,80,4819,1.66%,5.49
https://www.lovelygirls.cz/cs/divky,75,5426,1.38%,4.76
https://www.lovelygirls.cz/cs/landing/nonstop-escort-praha,73,304,24.01%,7.35
https://www.lovelygirls.cz/girls,66,4215,1.57%,5.57
https://www.lovelygirls.cz/hashtag/studentky-praha,66,308,21.43%,7.59
https://www.lovelygirls.cz/cs/profil/emily,63,250,25.2%,6.75
https://www.lovelygirls.cz/en/sluzby/incall,55,792,6.94%,5.82
https://www.lovelygirls.cz/faq,47,1021,4.6%,6.95
https://www.lovelygirls.cz/cs/hashtag/studentky-praha,46,259,17.76%,9.58
https://www.lovelygirls.cz/cs/hashtag/milf-praha,41,314,13.06%,7.44
https://www.lovelygirls.cz/cs/sluzby/overnight,38,242,15.7%,5.5
https://www.lovelygirls.cz/profile/luna,35,347,10.09%,5.5
https://www.lovelygirls.cz/en/hashtag/studentky-praha,35,147,23.81%,7.57
https://www.lovelygirls.cz/cs/profil/nika,35,135,25.93%,9.44
https://www.lovelygirls.cz/uk,34,383,8.88%,10.52
https://www.lovelygirls.cz/landing/duo-escort-praha,32,111,28.83%,4.92
https://www.lovelygirls.cz/cs/profily/anetta,32,66,48.48%,1.94
https://www.lovelygirls.cz/cs/landing/spolecnice-praha,31,344,9.01%,4.53
https://www.lovelygirls.cz/uk/hashtag/milf-praha,31,105,29.52%,5.04
https://www.lovelygirls.cz/hashtag/gfe-praha,29,228,12.72%,8.33
https://www.lovelygirls.cz/en/hashtag/ukrajinske-holky,28,174,16.09%,6.45
https://www.lovelygirls.cz/cs/landing/sex-praha,27,171,15.79%,4.32
https://www.lovelygirls.cz/cs/profil/katy,27,112,24.11%,7.45
https://www.lovelygirls.cz/landing/nonstop-escort-praha,27,108,25%,5.49
https://www.lovelygirls.cz/cs/sluzby/incall,26,313,8.31%,4.2
https://www.lovelygirls.cz/cs/praktiky/foot_fetish,25,368,6.79%,18.17
https://www.lovelygirls.cz/cs/profily/rebeca,24,183,13.11%,4.62
https://www.lovelygirls.cz/en/sluzby/duo-service,23,80,28.75%,6.84
https://www.lovelygirls.cz/en/praktiky/bdsm,21,185,11.35%,8.24
https://www.lovelygirls.cz/cs/sluzby/travel-companion,21,139,15.11%,8.66
https://www.lovelygirls.cz/en/podminky,20,718,2.79%,10.54
https://www.lovelygirls.cz/cs/profil/anetta,19,57,33.33%,7.26
https://www.lovelygirls.cz/cs/landing/girlfriend-experience-praha,18,207,8.7%,5.62
https://www.lovelygirls.cz/en/profily/emily,18,117,15.38%,5.53
https://www.lovelygirls.cz/cs/profily/nika,18,114,15.79%,4.76
https://www.lovelygirls.cz/cs/praktiky/threesome_fmf,18,114,15.79%,8.18
https://www.lovelygirls.cz/de/sluzby/outcall,18,109,16.51%,22.92
https://www.lovelygirls.cz/cs/profily/eliska,18,34,52.94%,4.35
https://www.lovelygirls.cz/reviews,17,514,3.31%,7.65
https://www.lovelygirls.cz/cs/sluzby/duo-service,17,360,4.72%,2.69
https://www.lovelygirls.cz/en/praktiky/facesitting,17,169,10.06%,9.43
https://www.lovelygirls.cz/cs/profil/natalie,17,115,14.78%,7.94
https://www.lovelygirls.cz/de,16,218,7.34%,18.54
https://www.lovelygirls.cz/en/sluzby/nohy-fetis,16,155,10.32%,32.21
https://www.lovelygirls.cz/cs/hashtag/velka-prsa,16,121,13.22%,7.7
https://www.lovelygirls.cz/en/profily/luna,15,223,6.73%,6.31
https://www.lovelygirls.cz/uk/praktiky/erotic_massage,15,175,8.57%,9.99
https://www.lovelygirls.cz/en/praktiky/deepthroat,15,136,11.03%,10.01
https://www.lovelygirls.cz/hashtag/blondynky-praha,15,115,13.04%,8.34
https://www.lovelygirls.cz/contact,15,112,13.39%,4.51
https://www.lovelygirls.cz/cs/hashtag/asiatky,15,90,16.67%,9.79
https://www.lovelygirls.cz/uk/hashtag/asiatky,15,80,18.75%,7.83
https://www.lovelygirls.cz/profile/viktoria,15,79,18.99%,8.38
https://www.lovelygirls.cz/en/sluzby/travel-companion,15,48,31.25%,5.27
https://www.lovelygirls.cz/cs/podminky,14,506,2.77%,2.55
https://www.lovelygirls.cz/cs/praktiky/anal_girl,14,171,8.19%,11.01
https://www.lovelygirls.cz/profile/emily,14,153,9.15%,4.49
https://www.lovelygirls.cz/cs/sluzby/outcall,14,75,18.67%,12.05
https://www.lovelygirls.cz/cs/profily/sara,14,51,27.45%,6.98
https://www.lovelygirls.cz/en/praktiky/anal_girl,13,144,9.03%,13.6
https://www.lovelygirls.cz/cs/praktiky/threesome_mfm,13,143,9.09%,8.24
https://www.lovelygirls.cz/en/landing/escort-prague,13,131,9.92%,11.1
https://www.lovelygirls.cz/uk/sluzby/eroticka-masaz,13,90,14.44%,14.77
https://www.lovelygirls.cz/cs/hashtag/spolecnice-praha,12,324,3.7%,8.62
https://www.lovelygirls.cz/en/sluzby,12,138,8.7%,18.14
https://www.lovelygirls.cz/cs/sluzby/oral-bez-ochrany,12,133,9.02%,8.78
https://www.lovelygirls.cz/en/sluzby/overnight,12,98,12.24%,7.18
https://www.lovelygirls.cz/en/sluzby/gfe-zkusenost-pritelkyne,12,83,14.46%,8.3
https://www.lovelygirls.cz/en/sluzby/oral-bez-ochrany,12,83,14.46%,9.43
https://www.lovelygirls.cz/uk/cenik,12,51,23.53%,10.1
https://www.lovelygirls.cz/en/schedule,11,445,2.47%,6.59
https://www.lovelygirls.cz/en/sluzby/klasicky-sex,11,243,4.53%,5.16
https://www.lovelygirls.cz/cs/praktiky/rimming_passive,11,236,4.66%,8.19
https://www.lovelygirls.cz/en/sluzby/vip-escort,11,167,6.59%,13.86
https://www.lovelygirls.cz/cs/hashtag/mlade-holky,11,62,17.74%,8.26
https://www.lovelygirls.cz/cs/profily/emily,10,234,4.27%,5.06
https://www.lovelygirls.cz/en/praktiky/blowjob_condom,10,104,9.62%,8.62
https://www.lovelygirls.cz/cs/sluzby/hluboky-oral,10,90,11.11%,11.71
https://www.lovelygirls.cz/cs/sluzby/nohy-fetis,10,58,17.24%,10.4
https://www.lovelygirls.cz/cs/praktiky/piss_active,9,163,5.52%,8.28
https://www.lovelygirls.cz/cs/praktiky/light_sm,9,100,9%,7.37
https://www.lovelygirls.cz/cs/praktiky/anal_man,9,95,9.47%,10.93
https://www.lovelygirls.cz/cs/landing/escort-praha,9,84,10.71%,4.02
https://www.lovelygirls.cz/uk/sluzby/outcall,9,84,10.71%,10
https://www.lovelygirls.cz/en/praktiky/role_play,9,41,21.95%,4.05
https://www.lovelygirls.cz/en/sluzby/pse-pornstar-zkusenost,9,38,23.68%,7.42
https://www.lovelygirls.cz/cs/sluzby/strikani-divky,9,27,33.33%,8.85
https://www.lovelygirls.cz/cs/praktiky/filming_no_face,9,20,45%,2.8
https://www.lovelygirls.cz/en/praktiky/piss_active,8,120,6.67%,10.87
https://www.lovelygirls.cz/en/praktiky/rimming_active,8,62,12.9%,8
https://www.lovelygirls.cz/en/praktiky/cim,8,54,14.81%,10.41
https://www.lovelygirls.cz/cs/sluzba/cof,8,38,21.05%,5.08
https://www.lovelygirls.cz/cs/praktiky/cof,8,34,23.53%,3.88
https://www.lovelygirls.cz/en/praktiky/cof,8,27,29.63%,5.85
https://www.lovelygirls.cz/cs/sluzby/dinner-date,8,24,33.33%,8.75
https://www.lovelygirls.cz/en/hashtag/holky-praha,7,408,1.72%,6.6
https://www.lovelygirls.cz/cs/praktiky/bdsm,7,108,6.48%,10.49
https://www.lovelygirls.cz/en/praktiky/threesome_fmf,7,56,12.5%,6.16
https://www.lovelygirls.cz/cs/praktiky/piss_passive,7,52,13.46%,9.77
https://www.lovelygirls.cz/uk/divchata,7,42,16.67%,9.67
https://www.lovelygirls.cz/profile/anetta,7,34,20.59%,4.74
https://www.lovelygirls.cz/en/profily/rebeca,7,31,22.58%,8.13
https://www.lovelygirls.cz/en/cenik,6,236,2.54%,2.89
https://www.lovelygirls.cz/cs/landing/privat-praha,6,172,3.49%,3.37
https://www.lovelygirls.cz/cs/hashtag/ceske-holky,6,160,3.75%,4.62
https://www.lovelygirls.cz/uk/podminky,6,68,8.82%,11.68
https://www.lovelygirls.cz/cs/sluzby/pse-pornstar-zkusenost,6,50,12%,5.6
https://www.lovelygirls.cz/de/divky,6,43,13.95%,5.47
https://www.lovelygirls.cz/uk/sluzby/striptyz,6,29,20.69%,8.31
https://www.lovelygirls.cz/cs/hashtag/zrale-zeny,6,27,22.22%,5.7
https://www.lovelygirls.cz/cs/profily/elizabeth,6,21,28.57%,5.81
https://www.lovelygirls.cz/de/praktiky/piss_passive,6,19,31.58%,18.95
https://www.lovelygirls.cz/cs/faq,5,855,0.58%,4.68
https://www.lovelygirls.cz/cs/hashtag/blondynky-praha,5,81,6.17%,4.42
https://www.lovelygirls.cz/hashtag/tetovani,5,55,9.09%,7.45
https://www.lovelygirls.cz/uk/sluzby/overnight,5,34,14.71%,6.47
https://www.lovelygirls.cz/en/praktiky/threesome_mfm,5,30,16.67%,8.47
https://www.lovelygirls.cz/en/hashtag/milf-praha,5,28,17.86%,8.14
https://www.lovelygirls.cz/cs/praktiky/cim,5,25,20%,4.84
https://www.lovelygirls.cz/service/blowjob_condom,5,19,26.32%,7.11
https://www.lovelygirls.cz/cs/praktiky/licking,5,19,26.32%,9.95
https://www.lovelygirls.cz/cs/sluzby/strikani-do-obliceje,5,18,27.78%,5.22
https://www.lovelygirls.cz/blog/girlfriend-experience-gfe-praha,5,11,45.45%,5.55
https://www.lovelygirls.cz/hashtag/ceske-holky,4,415,0.96%,3.9
https://www.lovelygirls.cz/cs/blog,4,301,1.33%,3.28
https://www.lovelygirls.cz/cs/hashtag/privatni-sluzby,4,171,2.34%,2.39
https://www.lovelygirls.cz/cs/hashtag/holky-praha,4,99,4.04%,5.3
https://www.lovelygirls.cz/cs/profil/sara,4,56,7.14%,13.05
https://www.lovelygirls.cz/cs/praktiky/hard_sex,4,47,8.51%,4.21
https://www.lovelygirls.cz/de/sluzby/overnight,4,46,8.7%,10.04
https://www.lovelygirls.cz/en/profily/elizabeth,4,38,10.53%,8.03
https://www.lovelygirls.cz/service/massage,4,31,12.9%,7.26
https://www.lovelygirls.cz/en/sluzby/francouzske-libani,4,29,13.79%,4.52
https://www.lovelygirls.cz/uk/sluzby/hluboky-oral,4,24,16.67%,8.67
https://www.lovelygirls.cz/cs/sluzba/foot_fetish,4,20,20%,29.45
https://www.lovelygirls.cz/de/sluzby/vip-escort,4,14,28.57%,11.36
https://www.lovelygirls.cz/cs/o-nas,3,712,0.42%,6.62
https://www.lovelygirls.cz/cs/sluzba/role_play,3,63,4.76%,8.57
https://www.lovelygirls.cz/cs/sluzby/bdsm-lehke,3,58,5.17%,11.22
https://www.lovelygirls.cz/uk/profily/emily,3,47,6.38%,4.43
https://www.lovelygirls.cz/cs/praktiky/rimming_active,3,31,9.68%,8.94
https://www.lovelygirls.cz/cs/profily/katy,3,30,10%,6.13
https://www.lovelygirls.cz/cs/sluzby/hrani-roli,3,27,11.11%,6.22
https://www.lovelygirls.cz/cs/praktiky/kissing,3,26,11.54%,6.23
https://www.lovelygirls.cz/cs/hashtag/ruske-holky,3,25,12%,7
https://www.lovelygirls.cz/en/praktiky/rimming_passive,3,23,13.04%,10.83
https://www.lovelygirls.cz/cs/sluzby/analni-sex,3,23,13.04%,18.35
https://www.lovelygirls.cz/cs/praktiky/blowjob_no_condom,3,22,13.64%,11.41
https://www.lovelygirls.cz/cs/praktiky/deepthroat,3,22,13.64%,11.41
https://www.lovelygirls.cz/cs/profily/natalie,3,21,14.29%,8.33
https://www.lovelygirls.cz/cs/hashtag/modelky-praha,3,18,16.67%,5.94
https://www.lovelygirls.cz/cs/praktiky/swallow,3,14,21.43%,8.5
https://www.lovelygirls.cz/cs/profil/lyra,3,11,27.27%,6.55
https://www.lovelygirls.cz/cs/praktiky/filming_face,3,9,33.33%,3.56
https://www.lovelygirls.cz/en/praktiky/swallow,3,9,33.33%,14.89
https://www.lovelygirls.cz/de/landing/vip-escort-prag,3,9,33.33%,15.22
https://www.lovelygirls.cz/cs/profily/marie,3,8,37.5%,4.25
https://www.lovelygirls.cz/service/rimming_passive,3,7,42.86%,6.14
https://www.lovelygirls.cz/uk/sluzby/duo-service,3,3,100%,3
https://www.lovelygirls.cz/hashtag/spolecnice-praha,2,325,0.62%,3.52
https://www.lovelygirls.cz/en/recenze,2,208,0.96%,8.29
https://www.lovelygirls.cz/cs/sluzba/hard_sex,2,157,1.27%,4.31
https://www.lovelygirls.cz/cs/soukromi,2,116,1.72%,3.15
https://www.lovelygirls.cz/divky,2,75,2.67%,4.76
https://www.lovelygirls.cz/en/praktiky/69,2,59,3.39%,8.95
https://www.lovelygirls.cz/en/praktiky/blowjob_no_condom,2,44,4.55%,10.36
https://www.lovelygirls.cz/uk/hashtag/holky-praha,2,44,4.55%,11.02
https://www.lovelygirls.cz/en/profily/anetta,2,43,4.65%,4.86
https://www.lovelygirls.cz/landing/eroticke-masaze-praha,2,43,4.65%,41.65
https://www.lovelygirls.cz/en/sluzby/hrani-roli,2,41,4.88%,5.2
https://www.lovelygirls.cz/cs/hashtag/gfe-praha,2,41,4.88%,13.34
https://www.lovelygirls.cz/profile/nika,2,40,5%,7.22
https://www.lovelygirls.cz/en/praktiky/filming_no_face,2,39,5.13%,6.56
https://www.lovelygirls.cz/cs/sluzba/deepthroat,2,34,5.88%,13.53
https://www.lovelygirls.cz/cs/hashtag/zrzky-praha,2,25,8%,5.92
https://www.lovelygirls.cz/cs/hashtag/vysoke-holky,2,22,9.09%,6.41
https://www.lovelygirls.cz/de/landing/erotische-massage-prag,2,18,11.11%,38.72
https://www.lovelygirls.cz/uk/profil/katy,2,14,14.29%,3.29
https://www.lovelygirls.cz/cs/praktiky/shared_shower,2,14,14.29%,9.5
https://www.lovelygirls.cz/cs/landing/vip-escort-praha,2,14,14.29%,11.29
https://www.lovelygirls.cz/uk/praktiky/bdsm,2,13,15.38%,4.38
https://www.lovelygirls.cz/service/licking,2,13,15.38%,23.23
https://www.lovelygirls.cz/cs/hashtag/ukrajinske-holky,2,11,18.18%,6.45
https://www.lovelygirls.cz/uk/sluzby/oral-bez-ochrany,2,8,25%,3
https://www.lovelygirls.cz/en/praktiky/shared_shower,2,7,28.57%,7.43
https://www.lovelygirls.cz/cs/praktiky/cum_on_body,2,6,33.33%,5.5
https://www.lovelygirls.cz/service/blowjob_no_condom,2,6,33.33%,5.83
https://www.lovelygirls.cz/en/praktiky/bondage,2,6,33.33%,7
https://www.lovelygirls.cz/cs/sluzby/eroticke-pomucky,2,6,33.33%,9.17
https://www.lovelygirls.cz/service/piss_passive,2,6,33.33%,9.17
https://www.lovelygirls.cz/en/praktiky/licking,2,6,33.33%,14.17
https://www.lovelygirls.cz/de/sluzby/striptyz,2,4,50%,2.25
https://www.lovelygirls.cz/en/sluzby/dinner-date,2,4,50%,6.25
https://www.lovelygirls.cz/service/rimming_active,2,3,66.67%,6
https://www.lovelygirls.cz/en/praktiky/light_sm,2,3,66.67%,10
https://www.lovelygirls.cz/de/sluzby/travel-companion,2,3,66.67%,13
https://www.lovelygirls.cz/service/swallow,2,2,100%,1.5
https://www.lovelygirls.cz/uk/posluha/anal_girl,2,2,100%,11
https://www.lovelygirls.cz/en/praktiky/foot_fetish,1,82,1.22%,32.91
https://www.lovelygirls.cz/about,1,54,1.85%,3.83
https://www.lovelygirls.cz/cs/sluzby/klasicky-sex,1,54,1.85%,6.19
https://www.lovelygirls.cz/cs/hashtag/luxusni-sluzby,1,49,2.04%,20.53
https://www.lovelygirls.cz/en/sluzby/eroticka-masaz,1,48,2.08%,52.67
https://www.lovelygirls.cz/de/podminky,1,44,2.27%,15.93
https://www.lovelygirls.cz/en/praktiky/lesbi_show,1,42,2.38%,6.62
https://www.lovelygirls.cz/de/blog/girlfriend-experience-gfe-praha,1,39,2.56%,7.49
https://www.lovelygirls.cz/cs/hashtag/elegantni-holky,1,33,3.03%,7.21
https://www.lovelygirls.cz/cs/sluzba/anal_man,1,33,3.03%,11.58
https://www.lovelygirls.cz/en/praktiky/erotic_massage,1,31,3.23%,26.77
https://www.lovelygirls.cz/en/sluzby/prostatova-masaz,1,30,3.33%,42.47
https://www.lovelygirls.cz/en/soukromi,1,27,3.7%,7.48
https://www.lovelygirls.cz/cs/sluzba/cuddling,1,27,3.7%,14.26
https://www.lovelygirls.cz/de/sluzby/incall,1,26,3.85%,8.54
https://www.lovelygirls.cz/uk/vidhuky,1,26,3.85%,25.19
https://www.lovelygirls.cz/en/hashtag/privatni-sluzby,1,25,4%,4.08
https://www.lovelygirls.cz/en/praktiky/classic,1,24,4.17%,9.21
https://www.lovelygirls.cz/hashtag/sexy-holky,1,23,4.35%,1.22
https://www.lovelygirls.cz/uk/sluzby/polyknuti,1,22,4.55%,13.32
https://www.lovelygirls.cz/profily/luna,1,18,5.56%,5.94
https://www.lovelygirls.cz/cs/sluzby/gfe-zkusenost-pritelkyne,1,16,6.25%,8.38
https://www.lovelygirls.cz/cs/sluzba/filming_face,1,15,6.67%,12.47
https://www.lovelygirls.cz/uk/praktiky/hard_sex,1,13,7.69%,11.38
https://www.lovelygirls.cz/cs/praktiky/69,1,13,7.69%,11.46
https://www.lovelygirls.cz/cs/hashtag/tetovani,1,12,8.33%,10.67
https://www.lovelygirls.cz/blog/jak-vybrat-spolecnici-praha,1,11,9.09%,8.18
https://www.lovelygirls.cz/cs/praktiky/classic,1,11,9.09%,11.27
https://www.lovelygirls.cz/en/praktiky/piss_passive,1,11,9.09%,16.91
https://www.lovelygirls.cz/uk/praktiky/deepthroat,1,9,11.11%,14
https://www.lovelygirls.cz/cs/sluzby/francouzske-libani,1,8,12.5%,5.75
https://www.lovelygirls.cz/uk/sluzby/eroticke-pomucky,1,8,12.5%,23
https://www.lovelygirls.cz/service/hard_sex,1,6,16.67%,5.67
https://www.lovelygirls.cz/uk/praktiky/anal_man,1,6,16.67%,7
https://www.lovelygirls.cz/uk/tsiny,1,6,16.67%,8.67
https://www.lovelygirls.cz/cs/sluzby/polyknuti,1,6,16.67%,9.5
https://www.lovelygirls.cz/profile/natalie,1,5,20%,2.8
https://www.lovelygirls.cz/cs/hashtag/dokonale-telo,1,5,20%,5.8
https://www.lovelygirls.cz/de/praktiky/deepthroat,1,5,20%,8.6
https://www.lovelygirls.cz/service/69,1,5,20%,28.8
https://www.lovelygirls.cz/cs/hashtag/dlouhe-vlasy,1,4,25%,2.75
https://www.lovelygirls.cz/hashtag/dlouhe-vlasy,1,4,25%,3.75
https://www.lovelygirls.cz/cs/sluzba/swallow,1,4,25%,5
https://www.lovelygirls.cz/en/hashtag/elegantni-holky,1,4,25%,7.75
https://www.lovelygirls.cz/de/blog/escort-praha-kompletni-pruvodce,1,4,25%,11.5
https://www.lovelygirls.cz/cs/hashtag/vip-holky,1,4,25%,13.25
https://www.lovelygirls.cz/de/praktiky/swallow,1,4,25%,21
https://www.lovelygirls.cz/en/sluzby/strikani-na-telo,1,3,33.33%,3.33
https://www.lovelygirls.cz/en/praktiky/kissing,1,3,33.33%,5
https://www.lovelygirls.cz/uk/profily/rebeca,1,3,33.33%,6
https://www.lovelygirls.cz/en/sluzby/oral-s-ochranou,1,3,33.33%,7.67
https://www.lovelygirls.cz/uk/blog/jak-vybrat-spolecnici-praha,1,3,33.33%,12.67
https://www.lovelygirls.cz/de/sluzby/bdsm-lehke,1,3,33.33%,13
https://www.lovelygirls.cz/de/praktiky/anal_man,1,3,33.33%,15
https://www.lovelygirls.cz/uk/profily/marie,1,3,33.33%,17.33
https://www.lovelygirls.cz/en/sluzby/bdsm-lehke,1,3,33.33%,26
https://www.lovelygirls.cz/cs/sluzba/blowjob_no_condom,1,3,33.33%,42
https://www.lovelygirls.cz/service/facesitting,1,2,50%,1
https://www.lovelygirls.cz/en/profily/ema,1,2,50%,2
https://www.lovelygirls.cz/cs/hashtag/krivky,1,2,50%,2.5
https://www.lovelygirls.cz/uk/posluha/kissing,1,2,50%,7
https://www.lovelygirls.cz/de/praktiky/cim,1,2,50%,9
https://www.lovelygirls.cz/de/soukromi,1,2,50%,9
https://www.lovelygirls.cz/cs/sluzba/rimming_passive,1,2,50%,16.5
https://www.lovelygirls.cz/service/erotic_massage,1,2,50%,19.5
https://www.lovelygirls.cz/service/threesome_mfm,1,1,100%,1
https://www.lovelygirls.cz/de/sluzby/duo-service,1,1,100%,6
https://www.lovelygirls.cz/de/sluzby/nohy-fetis,1,1,100%,9
https://www.lovelygirls.cz/uk/posluha/blowjob_condom,1,1,100%,10
https://www.lovelygirls.cz/uk/sluzby/poloha-69,1,1,100%,40
https://www.lovelygirls.cz/de/recenze?girl=emily,0,76,0%,11.82
https://www.lovelygirls.cz/cs/sluzby,0,50,0%,11
https://www.lovelygirls.cz/en/landing/vip-escort-prague,0,41,0%,6.83
https://www.lovelygirls.cz/service/classic,0,39,0%,5.92
https://www.lovelygirls.cz/cs/hashtag/hot-holky-praha,0,25,0%,3.04
https://www.lovelygirls.cz/landing/spolecnice-praha,0,23,0%,12.65
https://www.lovelygirls.cz/de/profil/emily,0,21,0%,9.52
https://www.lovelygirls.cz/hashtag/holky-praha,0,20,0%,9.05
https://www.lovelygirls.cz/cs/sluzba/bdsm,0,19,0%,11.79
https://www.lovelygirls.cz/en/praktiky/hard_sex,0,18,0%,7.33
https://www.lovelygirls.cz/en/landing/hotel-escort-prague,0,17,0%,7.12
https://www.lovelygirls.cz/cs/blog/prvni-navsteva-escort-agentury,0,16,0%,7.44
https://www.lovelygirls.cz/cs/hashtag/brunetky-praha,0,14,0%,8.29
https://www.lovelygirls.cz/de/profily/nika,0,14,0%,10.07
https://www.lovelygirls.cz/service/role_play,0,14,0%,14.86
https://www.lovelygirls.cz/de/rezensionen,0,14,0%,17.79
https://www.lovelygirls.cz/en/sluzby/strikani-divky,0,13,0%,7.92
https://www.lovelygirls.cz/uk/profil/emily,0,12,0%,4.67
https://www.lovelygirls.cz/cs/sluzby/strikani-na-telo,0,12,0%,4.92
https://www.lovelygirls.cz/en/profily/natalie,0,12,0%,5.67
https://www.lovelygirls.cz/cs/hashtag/girlfriend-experience,0,12,0%,8.42
https://www.lovelygirls.cz/uk/sluzby/travel-companion,0,12,0%,13.17
https://www.lovelygirls.cz/uk/recenze,0,12,0%,16.92
https://www.lovelygirls.cz/en/landing/erotic-massage-prague,0,12,0%,48.83
https://www.lovelygirls.cz/en/hashtag/vip-holky,0,11,0%,6.45
https://www.lovelygirls.cz/de/profil/nika,0,11,0%,16.73
https://www.lovelygirls.cz/service/cim,0,10,0%,7.3
https://www.lovelygirls.cz/de/profil/sara,0,9,0%,8.11
https://www.lovelygirls.cz/de/profil/katy,0,9,0%,10.11
https://www.lovelygirls.cz/uk/sluzby/klasicky-sex,0,9,0%,15.22
https://www.lovelygirls.cz/cs/praktiky/prostate_massage,0,9,0%,16.56
https://www.lovelygirls.cz/cs/sluzba/light_sm,0,9,0%,20.44
https://www.lovelygirls.cz/service/lesbi_show,0,8,0%,4.62
https://www.lovelygirls.cz/de/schedule,0,8,0%,6.5
https://www.lovelygirls.cz/service/cof,0,8,0%,7.12
https://www.lovelygirls.cz/de/hashtag/gfe-praha,0,7,0%,4.29
https://www.lovelygirls.cz/cs/sluzba/erotic_massage,0,7,0%,5
https://www.lovelygirls.cz/de/maedchen,0,7,0%,5.14
https://www.lovelygirls.cz/cs/hashtag/silikonove-prsa,0,7,0%,6.86
https://www.lovelygirls.cz/de/sluzby/oral-bez-ochrany,0,7,0%,9.14
https://www.lovelygirls.cz/uk/soukromi,0,7,0%,21.71
https://www.lovelygirls.cz/uk/profily/luna,0,6,0%,6
https://www.lovelygirls.cz/en/recenze?girl=anetta,0,6,0%,13.17
https://www.lovelygirls.cz/en/hashtag/spolecnice-praha,0,6,0%,18.67
https://www.lovelygirls.cz/uk/sluzby/gfe-zkusenost-pritelkyne,0,6,0%,28
https://www.lovelygirls.cz/cs/sluzby/poloha-69,0,5,0%,4.6
https://www.lovelygirls.cz/cs/sluzby/striptyz,0,5,0%,6
https://www.lovelygirls.cz/en/sluzby/strikani-do-obliceje,0,5,0%,6.4
https://www.lovelygirls.cz/uk/sluzby/nohy-fetis,0,5,0%,10.8
https://www.lovelygirls.cz/cs/sluzba/cum_on_body,0,5,0%,11.4
https://www.lovelygirls.cz/de/hashtag/milf-praha,0,5,0%,13.6
https://www.lovelygirls.cz/de/praktiky/role_play,0,5,0%,14
https://www.lovelygirls.cz/de/profil/luna,0,5,0%,23.4
https://www.lovelygirls.cz/uk/profil/natalie,0,5,0%,26.8
https://www.lovelygirls.cz/uk/sluzby/oral-s-ochranou,0,4,0%,2.25
https://www.lovelygirls.cz/blog/escort-praha-kompletni-pruvodce,0,4,0%,7.5
https://www.lovelygirls.cz/cs/hashtag/stihla-postava,0,4,0%,8.25
https://www.lovelygirls.cz/cs/praktiky/blowjob_condom,0,4,0%,8.5
https://www.lovelygirls.cz/de/praktiky/massage,0,4,0%,8.75
https://www.lovelygirls.cz/en/sluzby/eroticke-pomucky,0,4,0%,8.75
https://www.lovelygirls.cz/cs/sluzba/piss_active,0,4,0%,10.25
https://www.lovelygirls.cz/cs/blog/soukrome-apartmany-escort-praha,0,4,0%,15.5
https://www.lovelygirls.cz/uk/schedule,0,4,0%,16.25
https://www.lovelygirls.cz/de/sluzby/klasicky-sex,0,3,0%,1
https://www.lovelygirls.cz/cs/hashtag/sexy-holky,0,3,0%,2.33
https://www.lovelygirls.cz/de/ueber-uns,0,3,0%,2.33
https://www.lovelygirls.cz/de/cenik,0,3,0%,5.33
https://www.lovelygirls.cz/de/praktiky/threesome_mfm,0,3,0%,7.33
https://www.lovelygirls.cz/de/,0,3,0%,7.67
https://www.lovelygirls.cz/de/leistung/rimming_active,0,3,0%,8.67
https://www.lovelygirls.cz/cs/profily/dana,0,3,0%,10.67
https://www.lovelygirls.cz/cs/hashtag/fit-holky,0,3,0%,13
https://www.lovelygirls.cz/cs/hashtag/plne-rty,0,3,0%,16.67
https://www.lovelygirls.cz/cs/sluzby/eroticka-masaz,0,3,0%,19
https://www.lovelygirls.cz/uk/hashtag/studentky-praha,0,3,0%,26.67
https://www.lovelygirls.cz/praktiky/hard_sex,0,2,0%,1
https://www.lovelygirls.cz/service/anal_man,0,2,0%,1
https://www.lovelygirls.cz/de/sluzby/hrani-roli,0,2,0%,2
https://www.lovelygirls.cz/uk/hashtag/brunetky-praha,0,2,0%,4
https://www.lovelygirls.cz/service/bdsm,0,2,0%,4.5
https://www.lovelygirls.cz/service/kissing,0,2,0%,4.5
https://www.lovelygirls.cz/landing/sex-praha,0,2,0%,5
https://www.lovelygirls.cz/cs/praktiky/massage,0,2,0%,8
https://www.lovelygirls.cz/landing/vip-escort-praha,0,2,0%,8
https://www.lovelygirls.cz/cs/profil/elizabeth,0,2,0%,9.5
https://www.lovelygirls.cz/de/hashtag/hot-holky-praha,0,2,0%,10
https://www.lovelygirls.cz/de/profily/elizabeth,0,2,0%,10
https://www.lovelygirls.cz/cs/praktiky/role_play,0,2,0%,11
https://www.lovelygirls.cz/cs/sluzby/prostatova-masaz,0,2,0%,12
https://www.lovelygirls.cz/de/profily/anetta,0,2,0%,12.5
https://www.lovelygirls.cz/uk/hashtag/krasne-holky,0,2,0%,14.5
https://www.lovelygirls.cz/de/zeitplan,0,2,0%,16
https://www.lovelygirls.cz/service/foot_fetish,0,2,0%,21.5
https://www.lovelygirls.cz/en/hashtag/sexy-holky,0,2,0%,23
https://www.lovelygirls.cz/cs/sluzba/filming_no_face,0,1,0%,1
https://www.lovelygirls.cz/de/hashtag/holky-praha,0,1,0%,1
https://www.lovelygirls.cz/en/faq,0,1,0%,1
https://www.lovelygirls.cz/hashtag/modre-oci,0,1,0%,1
https://www.lovelygirls.cz/service/cum_on_body,0,1,0%,1
https://www.lovelygirls.cz/cs/profily/nikol,0,1,0%,2
https://www.lovelygirls.cz/en/praktiky/cum_on_body,0,1,0%,2
https://www.lovelygirls.cz/cs/hashtag/exoticke-krasky,0,1,0%,3
https://www.lovelygirls.cz/profile/sara,0,1,0%,3
https://www.lovelygirls.cz/blog/soukrome-apartmany-escort-praha,0,1,0%,4
https://www.lovelygirls.cz/de/hashtag/elegantni-holky,0,1,0%,4
https://www.lovelygirls.cz/en/praktiky/filming_face,0,1,0%,4
https://www.lovelygirls.cz/blog/prvni-navsteva-escort-agentury,0,1,0%,5
https://www.lovelygirls.cz/uk/profil/sara,0,1,0%,5
https://www.lovelygirls.cz/uk/sluzby/strikani-do-obliceje,0,1,0%,5
https://www.lovelygirls.cz/de/blog/prvni-navsteva-escort-agentury,0,1,0%,6
https://www.lovelygirls.cz/de/hashtag/studentky-praha,0,1,0%,6
https://www.lovelygirls.cz/de/kontakt,0,1,0%,6
https://www.lovelygirls.cz/cs/sluzby/oral-s-ochranou,0,1,0%,7
https://www.lovelygirls.cz/de/hashtag/ukrajinske-holky,0,1,0%,7
https://www.lovelygirls.cz/en/hashtag/dlouhe-vlasy,0,1,0%,8
https://www.lovelygirls.cz/service/filming_face,0,1,0%,8
https://www.lovelygirls.cz/uk/blog/prvni-navsteva-escort-agentury,0,1,0%,8
https://www.lovelygirls.cz/uk/pobocka/praha-5,0,1,0%,9
https://www.lovelygirls.cz/uk/profil/nika,0,1,0%,9
https://www.lovelygirls.cz/cs/hashtag/krasne-holky,0,1,0%,10
https://www.lovelygirls.cz/cs/hashtag/prirodni-poprsi,0,1,0%,10
https://www.lovelygirls.cz/de/leistung/anal_girl,0,1,0%,10
https://www.lovelygirls.cz/de/recenze,0,1,0%,10
https://www.lovelygirls.cz/uk/sluzby/strikani-do-ust,0,1,0%,10
https://www.lovelygirls.cz/cs/sluzba/threesome_fmf,0,1,0%,11
https://www.lovelygirls.cz/de/hashtag/ceske-holky,0,1,0%,11
https://www.lovelygirls.cz/uk/posluha/foot_fetish,0,1,0%,15
https://www.lovelygirls.cz/de/preise,0,1,0%,18
https://www.lovelygirls.cz/service/light_sm,0,1,0%,21
https://www.lovelygirls.cz/uk/znyzhky,0,1,0%,27
https://www.lovelygirls.cz/uk/sluzby/strikani-na-telo,0,1,0%,35
https://www.lovelygirls.cz/uk/profil/luna,0,1,0%,37
https://www.lovelygirls.cz/de/sluzby/eroticka-masaz,0,1,0%,39
https://www.lovelygirls.cz/uk/blog/soukrome-apartmany-escort-praha,0,1,0%,60
https://www.lovelygirls.cz/uk/posluha/cuddling,0,1,0%,94
https://www.lovelygirls.cz/uk/posluha/massage,0,1,0%,96